Index,Label
0,Ascetic_Monk/icon_101014_cb1e8dde41.jpg
1,Ascetic_Monk/icon_111014_d6b960c5a3.jpg
2,Ascetic_Monk/icon_102014_9d49624e2b.jpg
3,Ascetic_Monk/icon_118014_3e10b459f2.jpg
4,Ascetic_Monk/icon_115014_0c522b63c2.jpg
5,Ascetic_Monk/icon_109014_2223ea0624.jpg
6,Ascetic_Monk/icon_108014_4dc1f00476.jpg
7,Ascetic_Monk/icon_103014_f02b4ad1db.jpg
8,Ascetic_Monk/icon_114014_9c7e5c2a24.jpg
9,Ascetic_Monk/icon_107014_727ade3f99.jpg
10,Ascetic_Monk/icon_105014_6b84078c56.jpg
11,Ascetic_Monk/icon_106014_752576a5ed.jpg
12,Ascetic_Monk/icon_112014_bddfdd3bfe.jpg
13,Ascetic_Monk/icon_104014_04878d6176.jpg
14,Ascetic_Monk/icon_120014_450aa880a7.jpg
15,Ascetic_Monk/icon_117014_d73330c9cf.jpg
16,Ascetic_Monk/icon_116014_fb8faa0af2.jpg
17,Ascetic_Monk/icon_110014_27d451ab0d.jpg
18,Ascetic_Monk/icon_119014_ed6d0e2f2b.jpg
19,Ascetic_Monk/icon_113014_d9b22d7222.jpg
20,High_Priestess/icon_116036_8f48328ff2.jpg
21,High_Priestess/icon_103036_d03c363503.jpg
22,High_Priestess/icon_109036_7550ad86df.jpg
23,High_Priestess/icon_105036_8f53478d51.jpg
24,High_Priestess/icon_101036_76c18f0858.jpg
25,High_Priestess/icon_107036_7b99b578cf.jpg
26,High_Priestess/icon_120036_2455093142.jpg
27,High_Priestess/icon_106036_200eb16d34.jpg
28,High_Priestess/icon_110036_976421e8ba.jpg
29,High_Priestess/icon_117036_1bf4794906.jpg
30,High_Priestess/icon_102036_9186add62a.jpg
31,High_Priestess/icon_108036_5084daecaf.jpg
32,High_Priestess/icon_112036_19ecb48ba9.jpg
33,High_Priestess/icon_115036_4fcc244af9.jpg
34,High_Priestess/icon_114036_fe7c09e1e3.jpg
35,High_Priestess/icon_118036_5663440695.jpg
36,High_Priestess/icon_113036_ebca01957e.jpg
37,High_Priestess/icon_111036_3424fd854d.jpg
38,High_Priestess/icon_104036_6945a6b1f0.jpg
39,High_Priestess/icon_119036_ad94a931bc.jpg
40,Unstoppable_Force/screenshot_1704355381.jpg
41,Unstoppable_Force/screenshot_1704355482.jpg
42,Unstoppable_Force/screenshot_1704355190.jpg
43,Unstoppable_Force/screenshot_1704355464.jpg
44,Unstoppable_Force/screenshot_1704355388.jpg
45,Unstoppable_Force/screenshot_1704355203.jpg
46,Unstoppable_Force/screenshot_1704355499.jpg
47,Unstoppable_Force/screenshot_1704355213.jpg
48,Unstoppable_Force/screenshot_1704355114.jpg
49,Unstoppable_Force/screenshot_1704355363.jpg
50,Unstoppable_Force/screenshot_1704355095.jpg
51,Unstoppable_Force/screenshot_1704355534.jpg
52,Unstoppable_Force/screenshot_1704355474.jpg
53,Unstoppable_Force/screenshot_1704355490.jpg
54,Unstoppable_Force/screenshot_1704355508.jpg
55,Unstoppable_Force/screenshot_1704355373.jpg
56,Unstoppable_Force/screenshot_1704355518.jpg
57,Unstoppable_Force/screenshot_1704355178.jpg
58,Unstoppable_Force/screenshot_1704355127.jpg
59,Unstoppable_Force/screenshot_1704355156.jpg
60,Truth_Seeker/icon_120037_5c2c7314aa.jpg
61,Truth_Seeker/icon_105037_3223f876c2.jpg
62,Truth_Seeker/icon_109037_c136d163d8.jpg
63,Truth_Seeker/icon_103037_f393ef0fa6.jpg
64,Truth_Seeker/icon_119037_de26509d77.jpg
65,Truth_Seeker/icon_112037_113add2e2b.jpg
66,Truth_Seeker/icon_110037_70b7de6457.jpg
67,Truth_Seeker/icon_115037_03286cac39.jpg
68,Truth_Seeker/icon_117037_66fdac7070.jpg
69,Truth_Seeker/icon_106037_1aedb39e33.jpg
70,Truth_Seeker/icon_116037_0b16a4b664.jpg
71,Truth_Seeker/icon_102037_5056b604e6.jpg
72,Truth_Seeker/icon_108037_3b5ee12a09.jpg
73,Truth_Seeker/icon_118037_0dcaa5f74e.jpg
74,Truth_Seeker/icon_104037_9014996631.jpg
75,Truth_Seeker/icon_113037_980e25fbd6.jpg
76,Truth_Seeker/icon_114037_2caebc3377.jpg
77,Truth_Seeker/icon_107037_2596209ea8.jpg
78,Truth_Seeker/icon_111037_60ebb6c3f6.jpg
79,Truth_Seeker/icon_101037_4921aba86e.jpg
80,The_Trailblazer/icon_118011_b2d7dc2003.jpg
81,The_Trailblazer/icon_119011_03ee7473b0.jpg
82,The_Trailblazer/icon_112011_d392fb291d.jpg
83,The_Trailblazer/icon_109011_4fd822cdc7.jpg
84,The_Trailblazer/icon_110011_f4f5369c13.jpg
85,The_Trailblazer/icon_108011_5ba7337671.jpg
86,The_Trailblazer/icon_101011_b5fd3d5e58.jpg
87,The_Trailblazer/icon_115011_018d51c759.jpg
88,The_Trailblazer/icon_120011_8ef382b1b5.jpg
89,The_Trailblazer/icon_106011_84f56af6db.jpg
90,The_Trailblazer/icon_102011_d24d5fdd69.jpg
91,The_Trailblazer/icon_111011_669ace1b28.jpg
92,The_Trailblazer/icon_105011_f63ae4daf5.jpg
93,The_Trailblazer/icon_114011_1fe92f0dea.jpg
94,The_Trailblazer/icon_117011_04833be5b6.jpg
95,The_Trailblazer/icon_116011_5b6da4e280.jpg
96,The_Trailblazer/icon_113011_4f853b74bd.jpg
97,The_Trailblazer/icon_107011_96f87c7963.jpg
98,The_Trailblazer/icon_104011_2fd80fbf11.jpg
99,The_Trailblazer/icon_103011_20ec0687e1.jpg
100,Praying_Nun/icon_102034_6b3455b23a.jpg
101,Praying_Nun/icon_118034_614552bfbe.jpg
102,Praying_Nun/icon_117034_0f2e36fb57.jpg
103,Praying_Nun/icon_101034_8c4d8d6980.jpg
104,Praying_Nun/icon_116034_fa2d6bacb7.jpg
105,Praying_Nun/icon_113034_a1042893d9.jpg
106,Praying_Nun/icon_106034_675c8dc8bc.jpg
107,Praying_Nun/icon_112034_03913941dd.jpg
108,Praying_Nun/icon_107034_be86ce1a1a.jpg
109,Praying_Nun/icon_110034_ad28084c63.jpg
110,Praying_Nun/icon_109034_8119873e62.jpg
111,Praying_Nun/icon_111034_66fcd5b445.jpg
112,Praying_Nun/icon_108034_d6851eae1b.jpg
113,Praying_Nun/icon_104034_2e2a2fbfde.jpg
114,Praying_Nun/icon_115034_44c1248d93.jpg
115,Praying_Nun/icon_105034_fd72590bf0.jpg
116,Praying_Nun/icon_114034_cf3ec71eb5.jpg
117,Praying_Nun/icon_120034_1071f9fddd.jpg
118,Praying_Nun/icon_119034_e6ed2a379a.jpg
119,Praying_Nun/icon_103034_cc113d0cae.jpg
120,Devils_Follower/icon_103028_a3dac338e8.jpg
121,Devils_Follower/icon_112028_982473c481.jpg
122,Devils_Follower/icon_115028_11036c0c81.jpg
123,Devils_Follower/icon_102028_238dae7950.jpg
124,Devils_Follower/icon_119028_6d918e6237.jpg
125,Devils_Follower/icon_101028_3e4a3d6f75.jpg
126,Devils_Follower/icon_106028_c7e244fe53.jpg
127,Devils_Follower/icon_118028_fe40c6592c.jpg
128,Devils_Follower/icon_111028_365d81cb05.jpg
129,Devils_Follower/icon_109028_f095e697ec.jpg
130,Devils_Follower/icon_110028_8885fa776d.jpg
131,Devils_Follower/icon_105028_c9da09a8d6.jpg
132,Devils_Follower/icon_116028_9e93476efb.jpg
133,Devils_Follower/icon_107028_58567924a6.jpg
134,Devils_Follower/icon_113028_12ec90485e.jpg
135,Devils_Follower/icon_104028_8c5038f31f.jpg
136,Devils_Follower/icon_120028_1acf449016.jpg
137,Devils_Follower/icon_117028_fecce78ca7.jpg
138,Devils_Follower/icon_114028_892201fa8f.jpg
139,Devils_Follower/icon_108028_511df40012.jpg
140,Guardian_Angel/icon_101008_bd0a9a4362.jpg
141,Guardian_Angel/icon_116008_f1234b55ac.jpg
142,Guardian_Angel/icon_105008_837199c680.jpg
143,Guardian_Angel/icon_109008_afe252580d.jpg
144,Guardian_Angel/icon_110008_02cbbf5216.jpg
145,Guardian_Angel/icon_117008_8455e46da0.jpg
146,Guardian_Angel/icon_115008_f9e19012e8.jpg
147,Guardian_Angel/icon_119008_2182725c7c.jpg
148,Guardian_Angel/icon_107008_c955aa5f4a.jpg
149,Guardian_Angel/icon_106008_cb512c830f.jpg
150,Guardian_Angel/icon_112008_27692103de.jpg
151,Guardian_Angel/icon_104008_3d2bd9ea51.jpg
152,Guardian_Angel/icon_108008_c0fbba5bc8.jpg
153,Guardian_Angel/icon_118008_f12a90685a.jpg
154,Guardian_Angel/icon_113008_4980c0ea04.jpg
155,Guardian_Angel/icon_103008_f850b0d538.jpg
156,Guardian_Angel/icon_111008_6ea93b76b5.jpg
157,Guardian_Angel/icon_114008_a9f01973c2.jpg
158,Guardian_Angel/icon_120008_a7bc4dcb95.jpg
159,Guardian_Angel/icon_102008_1bfc31981f.jpg
160,Combat_Queen/icon_102009_e02a54956c.jpg
161,Combat_Queen/icon_104009_405de7221d.jpg
162,Combat_Queen/icon_106009_9a5e19589c.jpg
163,Combat_Queen/icon_111009_91db389fc3.jpg
164,Combat_Queen/icon_117009_382e8f1053.jpg
165,Combat_Queen/icon_116009_76856e5ae1.jpg
166,Combat_Queen/icon_110009_f97dfead9a.jpg
167,Combat_Queen/icon_120009_e04cc5aad8.jpg
168,Combat_Queen/icon_113009_b314ea0728.jpg
169,Combat_Queen/icon_112009_237c8b9f3f.jpg
170,Combat_Queen/icon_118009_84bab00e0a.jpg
171,Combat_Queen/icon_115009_790eac71ec.jpg
172,Combat_Queen/icon_101009_64bac92ae7.jpg
173,Combat_Queen/icon_107009_48bd5f8b33.jpg
174,Combat_Queen/icon_114009_c00e0ee852.jpg
175,Combat_Queen/icon_105009_b18649f704.jpg
176,Combat_Queen/icon_109009_426552846d.jpg
177,Combat_Queen/icon_119009_15b1a48aa1.jpg
178,Combat_Queen/icon_103009_c6b8b8da2e.jpg
179,Combat_Queen/icon_108009_f44662b9bc.jpg
180,Field_Medic/icon_116048_f82eddd4bb.jpg
181,Field_Medic/icon_115048_8e46b5afc6.jpg
182,Field_Medic/icon_112048_f077e0cf77.jpg
183,Field_Medic/icon_105048_6eb0b4064f.jpg
184,Field_Medic/icon_108048_29c9741049.jpg
185,Field_Medic/icon_107048_45a6f81583.jpg
186,Field_Medic/icon_104048_769a3edcf0.jpg
187,Field_Medic/icon_120048_a03029d51a.jpg
188,Field_Medic/icon_113048_a85d0ebb85.jpg
189,Field_Medic/icon_114048_bd792b3932.jpg
190,Field_Medic/icon_103048_b978694c8e.jpg
191,Field_Medic/icon_111048_03897ba1ea.jpg
192,Field_Medic/icon_117048_6097dee106.jpg
193,Field_Medic/icon_102048_86cd06d97b.jpg
194,Field_Medic/icon_106048_2cf951cfb5.jpg
195,Field_Medic/icon_118048_dd16133f6d.jpg
196,Field_Medic/icon_109048_767e252cee.jpg
197,Field_Medic/icon_119048_16a41ac73c.jpg
198,Field_Medic/icon_110048_da66ad6b9d.jpg
199,Field_Medic/icon_101048_048c76fa41.jpg
200,Faith_Healer/icon_107038_38c61c74ff.jpg
201,Faith_Healer/icon_119038_81489261f5.jpg
202,Faith_Healer/icon_101038_5e62faa7b0.jpg
203,Faith_Healer/icon_111038_d335395c22.jpg
204,Faith_Healer/icon_115038_1f4417ff70.jpg
205,Faith_Healer/icon_118038_a8e3440497.jpg
206,Faith_Healer/icon_102038_4110d82b2e.jpg
207,Faith_Healer/icon_114038_41c6ecbc01.jpg
208,Faith_Healer/icon_103038_07cf7373d9.jpg
209,Faith_Healer/icon_106038_c940f6ceab.jpg
210,Faith_Healer/icon_112038_1ec448e3a6.jpg
211,Faith_Healer/icon_108038_3550251f91.jpg
212,Faith_Healer/icon_120038_21d38ffdf1.jpg
213,Faith_Healer/icon_104038_3200176cba.jpg
214,Faith_Healer/icon_105038_17f2c6bc4a.jpg
215,Faith_Healer/icon_110038_b58931583e.jpg
216,Faith_Healer/icon_113038_921b60afdf.jpg
217,Faith_Healer/icon_109038_da2b1dff16.jpg
218,Faith_Healer/icon_117038_7d5a1d6e74.jpg
219,Faith_Healer/icon_116038_4f07bd7c12.jpg
220,Iron_Lady/icon_117001_088f961616.jpg
221,Iron_Lady/icon_103001_82045daaa0.jpg
222,Iron_Lady/icon_116001_ae481e5c5b.jpg
223,Iron_Lady/icon_105001_ef579b8033.jpg
224,Iron_Lady/icon_118001_5d842417b5.jpg
225,Iron_Lady/icon_110001_488a692711.jpg
226,Iron_Lady/icon_106001_61fe3e7b5d.jpg
227,Iron_Lady/icon_108001_70424817a5.jpg
228,Iron_Lady/icon_114001_0bb27a6ebf.jpg
229,Iron_Lady/icon_120001_0d4ef8ef8d.jpg
230,Iron_Lady/icon_109001_64dd608c51.jpg
231,Iron_Lady/icon_119001_0b94519632.jpg
232,Iron_Lady/icon_107001_e2384dd39f.jpg
233,Iron_Lady/icon_101001_d570ae9e06.jpg
234,Iron_Lady/icon_115001_930b649b3a.jpg
235,Iron_Lady/icon_102001_608d8b55de.jpg
236,Iron_Lady/icon_113001_1dde4e44d3.jpg
237,Iron_Lady/icon_111001_126c4cabea.jpg
238,Iron_Lady/icon_104001_22f1a7c3c9.jpg
239,Iron_Lady/icon_112001_48490063bc.jpg
240,Loan_Shark/screenshot_1704357410.jpg
241,Loan_Shark/screenshot_1704357418.jpg
242,Loan_Shark/screenshot_1704357650.jpg
243,Loan_Shark/screenshot_1704357399.jpg
244,Loan_Shark/screenshot_1704357631.jpg
245,Loan_Shark/screenshot_1704357428.jpg
246,Loan_Shark/screenshot_1704357387.jpg
247,Loan_Shark/screenshot_1704357609.jpg
248,Loan_Shark/screenshot_1704357562.jpg
249,Loan_Shark/screenshot_1704357573.jpg
250,Loan_Shark/screenshot_1704357590.jpg
251,Loan_Shark/screenshot_1704357600.jpg
252,Loan_Shark/screenshot_1704357618.jpg
253,Loan_Shark/screenshot_1704357368.jpg
254,Loan_Shark/screenshot_1704357378.jpg
255,Loan_Shark/screenshot_1704357553.jpg
256,Loan_Shark/screenshot_1704357582.jpg
257,Loan_Shark/screenshot_1704357351.jpg
258,Loan_Shark/screenshot_1704357639.jpg
259,Loan_Shark/screenshot_1704357534.jpg
260,Deadly_Nightshade/icon_105018_ea365fa2d0.jpg
261,Deadly_Nightshade/icon_106018_d73466fcc1.jpg
262,Deadly_Nightshade/icon_118018_f0b8c76675.jpg
263,Deadly_Nightshade/icon_116018_6ffd332ac1.jpg
264,Deadly_Nightshade/icon_115018_2f8d105a72.jpg
265,Deadly_Nightshade/icon_101018_89bff90fa3.jpg
266,Deadly_Nightshade/icon_120018_b9627c3d59.jpg
267,Deadly_Nightshade/icon_111018_655baa62d2.jpg
268,Deadly_Nightshade/icon_112018_be72a5c5ad.jpg
269,Deadly_Nightshade/icon_107018_0b3b3d7cb8.jpg
270,Deadly_Nightshade/icon_117018_19a4cdc2ad.jpg
271,Deadly_Nightshade/icon_108018_6ded4c19d1.jpg
272,Deadly_Nightshade/icon_103018_4da45d9084.jpg
273,Deadly_Nightshade/icon_104018_228e81872a.jpg
274,Deadly_Nightshade/icon_102018_17b9bf8fb7.jpg
275,Deadly_Nightshade/icon_109018_0f8b048114.jpg
276,Deadly_Nightshade/icon_119018_6c23fb489c.jpg
277,Deadly_Nightshade/icon_110018_9f88a43c25.jpg
278,Deadly_Nightshade/icon_113018_2cd9ac6da4.jpg
279,Deadly_Nightshade/icon_114018_03473fe961.jpg
280,Professor_Dark_Matter/screenshot_1704354618.jpg
281,Professor_Dark_Matter/screenshot_1704354484.jpg
282,Professor_Dark_Matter/screenshot_1704354639.jpg
283,Professor_Dark_Matter/screenshot_1704354567.jpg
284,Professor_Dark_Matter/screenshot_1704354558.jpg
285,Professor_Dark_Matter/screenshot_1704354518.jpg
286,Professor_Dark_Matter/screenshot_1704354457.jpg
287,Professor_Dark_Matter/screenshot_1704354597.jpg
288,Professor_Dark_Matter/screenshot_1704354473.jpg
289,Professor_Dark_Matter/screenshot_1704354659.jpg
290,Professor_Dark_Matter/screenshot_1704354494.jpg
291,Professor_Dark_Matter/screenshot_1704354547.jpg
292,Professor_Dark_Matter/screenshot_1704354584.jpg
293,Professor_Dark_Matter/screenshot_1704354527.jpg
294,Professor_Dark_Matter/screenshot_1704354650.jpg
295,Professor_Dark_Matter/screenshot_1704354609.jpg
296,Professor_Dark_Matter/screenshot_1704354536.jpg
297,Professor_Dark_Matter/screenshot_1704354575.jpg
298,Professor_Dark_Matter/screenshot_1704354507.jpg
299,Professor_Dark_Matter/screenshot_1704354626.jpg
300,Meditating_Master/icon_105019_866c339da5.jpg
301,Meditating_Master/icon_115019_14c58e5c3f.jpg
302,Meditating_Master/icon_107019_326e0469e4.jpg
303,Meditating_Master/icon_101019_23980e7686.jpg
304,Meditating_Master/icon_109019_89b44f2281.jpg
305,Meditating_Master/icon_118019_c8dd89049e.jpg
306,Meditating_Master/icon_119019_95213c0ec8.jpg
307,Meditating_Master/icon_114019_65f2d87f47.jpg
308,Meditating_Master/icon_110019_543d99cb09.jpg
309,Meditating_Master/icon_102019_6895c7dfcf.jpg
310,Meditating_Master/icon_120019_bb2b34dcd6.jpg
311,Meditating_Master/icon_108019_74af6d0176.jpg
312,Meditating_Master/icon_117019_8562d2b528.jpg
313,Meditating_Master/icon_103019_b742be1786.jpg
314,Meditating_Master/icon_106019_8f776da8a4.jpg
315,Meditating_Master/icon_112019_737f776bc1.jpg
316,Meditating_Master/icon_113019_66dbdd1a9e.jpg
317,Meditating_Master/icon_116019_45fefcf1fc.jpg
318,Meditating_Master/icon_111019_607fe14229.jpg
319,Meditating_Master/icon_104019_4b18d0351f.jpg
320,Lone_Werewolf/icon_115010_025f843640.jpg
321,Lone_Werewolf/icon_107010_c9174c50ab.jpg
322,Lone_Werewolf/icon_101010_cf4558fa96.jpg
323,Lone_Werewolf/icon_104010_46f69f680c.jpg
324,Lone_Werewolf/icon_108010_7aef8837fc.jpg
325,Lone_Werewolf/icon_118010_92cf4fcd40.jpg
326,Lone_Werewolf/icon_112010_5b5ed625c9.jpg
327,Lone_Werewolf/icon_111010_dfb69aa801.jpg
328,Lone_Werewolf/icon_120010_a19cd45d6c.jpg
329,Lone_Werewolf/icon_106010_f485389062.jpg
330,Lone_Werewolf/icon_103010_835abc52bf.jpg
331,Lone_Werewolf/icon_109010_9bda7b1cca.jpg
332,Lone_Werewolf/icon_105010_9eb1894a52.jpg
333,Lone_Werewolf/icon_119010_7f99c009fa.jpg
334,Lone_Werewolf/icon_113010_392f082a09.jpg
335,Lone_Werewolf/icon_110010_3fa567b50e.jpg
336,Lone_Werewolf/icon_114010_a62f0e1787.jpg
337,Lone_Werewolf/icon_116010_0b860f12c1.jpg
338,Lone_Werewolf/icon_102010_4a1fc7d541.jpg
339,Black_Sapphire/icon_115004_a1bcd292b5.jpg
340,Black_Sapphire/icon_111004_08165e7c9d.jpg
341,Black_Sapphire/icon_103004_5374592719.jpg
342,Black_Sapphire/icon_116004_34ff8bd41b.jpg
343,Black_Sapphire/icon_120004_97d64c6549.jpg
344,Black_Sapphire/icon_106004_1db2cdbd15.jpg
345,Black_Sapphire/icon_109004_db85e05789.jpg
346,Black_Sapphire/icon_110004_6787a6b1f3.jpg
347,Black_Sapphire/icon_101004_c8be2c626d.jpg
348,Black_Sapphire/icon_114004_88059bcd46.jpg
349,Black_Sapphire/icon_108004_e46fb69764.jpg
350,Black_Sapphire/icon_102004_66b923025f.jpg
351,Black_Sapphire/icon_119004_773de41a3e.jpg
352,Black_Sapphire/icon_107004_90f728b714.jpg
353,Black_Sapphire/icon_117004_e3c71ce920.jpg
354,Black_Sapphire/icon_118004_791bef7cde.jpg
355,Black_Sapphire/icon_113004_93400dc8e8.jpg
356,Black_Sapphire/icon_112004_889e6908bf.jpg
357,Black_Sapphire/icon_104004_dd5391b628.jpg
358,Nano_Swamp/icon_101012_7396979c22.jpg
359,Nano_Swamp/icon_114012_64cb312efe.jpg
360,Nano_Swamp/icon_103012_364f978abd.jpg
361,Nano_Swamp/icon_116012_252f30c434.jpg
362,Nano_Swamp/icon_113012_5442926ebe.jpg
363,Nano_Swamp/icon_115012_0cd56734cc.jpg
364,Nano_Swamp/icon_107012_98d0787bb2.jpg
365,Nano_Swamp/icon_104012_be840f390d.jpg
366,Nano_Swamp/icon_119012_f3d2730264.jpg
367,Nano_Swamp/icon_110012_928bbd91fa.jpg
368,Nano_Swamp/icon_108012_1f8089669d.jpg
369,Nano_Swamp/icon_118012_cc2609d83b.jpg
370,Nano_Swamp/icon_120012_bf40959642.jpg
371,Nano_Swamp/icon_117012_ebf1206c84.jpg
372,Nano_Swamp/icon_112012_fa89a02887.jpg
373,Nano_Swamp/icon_106012_cad0e566cf.jpg
374,Nano_Swamp/icon_111012_1a3c2d75bb.jpg
375,Nano_Swamp/icon_105012_d063d0d50c.jpg
376,Nano_Swamp/icon_109012_037a8a2cc0.jpg
377,Nano_Swamp/icon_102012_c9d098f8ea.jpg
378,Tech_Tinker/icon_103044_5b82cf02c8.jpg
379,Tech_Tinker/icon_109044_880190d979.jpg
380,Tech_Tinker/icon_105044_00e7e46976.jpg
381,Tech_Tinker/icon_113044_ca7a31731a.jpg
382,Tech_Tinker/icon_114044_e3176435f5.jpg
383,Tech_Tinker/icon_101044_c224370611.jpg
384,Tech_Tinker/icon_120044_699558fd21.jpg
385,Tech_Tinker/icon_112044_f7513d516c.jpg
386,Tech_Tinker/icon_119044_380ea8d2d9.jpg
387,Tech_Tinker/icon_110044_1c59f05ba8.jpg
388,Tech_Tinker/icon_104044_d8586dc7b7.jpg
389,Tech_Tinker/icon_111044_6fdd3a02d2.jpg
390,Tech_Tinker/icon_117044_99d35439c8.jpg
391,Tech_Tinker/icon_102044_049bc3f34e.jpg
392,Tech_Tinker/icon_115044_f648aaf580.jpg
393,Tech_Tinker/icon_108044_76c2b883fe.jpg
394,Tech_Tinker/icon_106044_d1ab5b3ee9.jpg
395,Tech_Tinker/icon_107044_28dd2e01e5.jpg
396,Tech_Tinker/icon_116044_24c768b6bb.jpg
397,Tech_Tinker/icon_118044_84eb467d80.jpg
398,The_Godfather/icon_110041_a9edd5493f.jpg
399,The_Godfather/icon_117041_bd7ce1e260.jpg
400,The_Godfather/icon_118041_6b10e78f9c.jpg
401,The_Godfather/icon_101041_503384453f.jpg
402,The_Godfather/icon_115041_921efeb325.jpg
403,The_Godfather/icon_102041_d61df5fcee.jpg
404,The_Godfather/icon_119041_cfccc16bcd.jpg
405,The_Godfather/icon_107041_03d8248cad.jpg
406,The_Godfather/icon_104041_fae8dd0421.jpg
407,The_Godfather/icon_105041_a4175345a0.jpg
408,The_Godfather/icon_109041_fa7c2f2ccd.jpg
409,The_Godfather/icon_114041_80a3085565.jpg
410,The_Godfather/icon_113041_e72a3281e3.jpg
411,The_Godfather/icon_103041_73bc69f726.jpg
412,The_Godfather/icon_111041_5dcf013b5d.jpg
413,The_Godfather/icon_106041_a40968f4a6.jpg
414,The_Godfather/icon_120041_df66c4efdd.jpg
415,The_Godfather/icon_112041_a4df11b7ca.jpg
416,The_Godfather/icon_116041_24af7f40d4.jpg
417,The_Godfather/icon_108041_b0d44e91d6.jpg
418,Deaths_Hand/screenshot_1704355059.jpg
419,Deaths_Hand/screenshot_1704354729.jpg
420,Deaths_Hand/screenshot_1704354947.jpg
421,Deaths_Hand/screenshot_1704354984.jpg
422,Deaths_Hand/screenshot_1704354934.jpg
423,Deaths_Hand/screenshot_1704354970.jpg
424,Deaths_Hand/screenshot_1704355067.jpg
425,Deaths_Hand/screenshot_1704355025.jpg
426,Deaths_Hand/screenshot_1704354700.jpg
427,Deaths_Hand/screenshot_1704354912.jpg
428,Deaths_Hand/screenshot_1704354924.jpg
429,Deaths_Hand/screenshot_1704354996.jpg
430,Deaths_Hand/screenshot_1704355015.jpg
431,Deaths_Hand/screenshot_1704355049.jpg
432,Deaths_Hand/screenshot_1704354718.jpg
433,Deaths_Hand/screenshot_1704355005.jpg
434,Deaths_Hand/screenshot_1704354709.jpg
435,Deaths_Hand/screenshot_1704355040.jpg
436,Deaths_Hand/screenshot_1704354959.jpg
437,Deaths_Hand/screenshot_1704354681.jpg
438,Decommissioned_Unit/screenshot_1704357191.jpg
439,Decommissioned_Unit/screenshot_1704357224.jpg
440,Decommissioned_Unit/screenshot_1704357167.jpg
441,Decommissioned_Unit/screenshot_1704357309.jpg
442,Decommissioned_Unit/screenshot_1704357319.jpg
443,Decommissioned_Unit/screenshot_1704357107.jpg
444,Decommissioned_Unit/screenshot_1704357135.jpg
445,Decommissioned_Unit/screenshot_1704357154.jpg
446,Decommissioned_Unit/screenshot_1704357235.jpg
447,Decommissioned_Unit/screenshot_1704357254.jpg
448,Decommissioned_Unit/screenshot_1704357276.jpg
449,Decommissioned_Unit/screenshot_1704357245.jpg
450,Decommissioned_Unit/screenshot_1704357328.jpg
451,Decommissioned_Unit/screenshot_1704357145.jpg
452,Decommissioned_Unit/screenshot_1704357121.jpg
453,Decommissioned_Unit/screenshot_1704357202.jpg
454,Decommissioned_Unit/screenshot_1704357180.jpg
455,Decommissioned_Unit/screenshot_1704357267.jpg
456,Decommissioned_Unit/screenshot_1704357214.jpg
457,Nuclear_Martyr/screenshot_1704357953.jpg
458,Nuclear_Martyr/screenshot_1704357885.jpg
459,Nuclear_Martyr/screenshot_1704357992.jpg
460,Nuclear_Martyr/screenshot_1704357983.jpg
461,Nuclear_Martyr/screenshot_1704358047.jpg
462,Nuclear_Martyr/screenshot_1704357945.jpg
463,Nuclear_Martyr/screenshot_1704357971.jpg
464,Nuclear_Martyr/screenshot_1704357925.jpg
465,Nuclear_Martyr/screenshot_1704357903.jpg
466,Nuclear_Martyr/screenshot_1704358012.jpg
467,Nuclear_Martyr/screenshot_1704358030.jpg
468,Nuclear_Martyr/screenshot_1704358075.jpg
469,Nuclear_Martyr/screenshot_1704357963.jpg
470,Nuclear_Martyr/screenshot_1704357914.jpg
471,Nuclear_Martyr/screenshot_1704358056.jpg
472,Nuclear_Martyr/screenshot_1704358038.jpg
473,Nuclear_Martyr/screenshot_1704358003.jpg
474,Nuclear_Martyr/screenshot_1704358066.jpg
475,Nuclear_Martyr/screenshot_1704357937.jpg
476,Nuclear_Martyr/screenshot_1704358022.jpg
477,Altruistic_Banker/screenshot_1704357815.jpg
478,Altruistic_Banker/screenshot_1704357728.jpg
479,Altruistic_Banker/screenshot_1704357825.jpg
480,Altruistic_Banker/screenshot_1704357834.jpg
481,Altruistic_Banker/screenshot_1704357693.jpg
482,Altruistic_Banker/screenshot_1704357844.jpg
483,Altruistic_Banker/screenshot_1704357709.jpg
484,Altruistic_Banker/screenshot_1704357856.jpg
485,Altruistic_Banker/screenshot_1704357701.jpg
486,Altruistic_Banker/screenshot_1704357794.jpg
487,Altruistic_Banker/screenshot_1704357745.jpg
488,Altruistic_Banker/screenshot_1704357737.jpg
489,Altruistic_Banker/screenshot_1704357864.jpg
490,Altruistic_Banker/screenshot_1704357680.jpg
491,Altruistic_Banker/screenshot_1704357718.jpg
492,Altruistic_Banker/screenshot_1704357764.jpg
493,Altruistic_Banker/screenshot_1704357782.jpg
494,Altruistic_Banker/screenshot_1704357773.jpg
495,Altruistic_Banker/screenshot_1704357755.jpg
496,Altruistic_Banker/screenshot_1704357805.jpg
497,Spore_Lord/icon_113006_0f6b742887.jpg
498,Spore_Lord/icon_120006_b0767a70bd.jpg
499,Spore_Lord/3_5fd5b11e5f.jpg
500,Spore_Lord/icon_111006_b321dd27e0.jpg
501,Spore_Lord/icon_105006_c96b00e442.jpg
502,Spore_Lord/icon_110006_9009d89847.jpg
503,Spore_Lord/icon_116006_b9ffac8275.jpg
504,Spore_Lord/icon_112006_e603ef8534.jpg
505,Spore_Lord/icon_119006_7d21c158fa.jpg
506,Spore_Lord/icon_103006_623a47cef0.jpg
507,Spore_Lord/2_59a58b14bf.jpg
508,Spore_Lord/icon_118006_435f144070.jpg
509,Spore_Lord/icon_104006_5918b35754.jpg
510,Spore_Lord/icon_115006_3bbb28f102.jpg
511,Spore_Lord/icon_102006_df05720deb.jpg
512,Spore_Lord/icon_109006_29a16296de.jpg
513,Spore_Lord/icon_117006_f144b7b8d5.jpg
514,Spore_Lord/icon_108006_2dcb3c56e0.jpg
515,Spore_Lord/icon_106006_3d4340dc95.jpg
516,Spore_Lord/icon_101006_ed26ec11a8.jpg
517,Blessed_Kid/icon_113016_3fabd6a5d0.jpg
518,Blessed_Kid/icon_111016_6f9a2e571e.jpg
519,Blessed_Kid/icon_110016_2e54e6f002.jpg
520,Blessed_Kid/icon_115016_ace84b9a17.jpg
521,Blessed_Kid/icon_112016_cb5c16e7f2.jpg
522,Blessed_Kid/icon_107016_966344e78a.jpg
523,Blessed_Kid/icon_108016_9e82af6662.jpg
524,Blessed_Kid/icon_101016_25ee40c06d.jpg
525,Blessed_Kid/icon_106016_524f68d6b3.jpg
526,Blessed_Kid/icon_102016_6bac524b5b.jpg
527,Blessed_Kid/icon_114016_ad10957355.jpg
528,Blessed_Kid/icon_103016_85b483a95a.jpg
529,Blessed_Kid/icon_109016_ce8106fa2d.jpg
530,Blessed_Kid/icon_117016_aa42a0cfe6.jpg
531,Blessed_Kid/icon_119016_6348e9a27a.jpg
532,Blessed_Kid/icon_104016_d2b49830f8.jpg
533,Blessed_Kid/icon_120016_e7296d2a2a.jpg
534,Blessed_Kid/icon_116016_9eb622136b.jpg
535,Blessed_Kid/icon_105016_010492aa51.jpg
536,Blessed_Kid/icon_118016_da98e5c69d.jpg
537,Rocket_Scientist/icon_116045_3c52f380d1.jpg
538,Rocket_Scientist/icon_113045_8c89e317df.jpg
539,Rocket_Scientist/icon_102045_800d69177c.jpg
540,Rocket_Scientist/icon_110045_ca53675eed.jpg
541,Rocket_Scientist/icon_117045_778c71a621.jpg
542,Rocket_Scientist/icon_105045_6bfb4e7f2a.jpg
543,Rocket_Scientist/icon_115045_3227e97a5e.jpg
544,Rocket_Scientist/icon_118045_d64cd6a1f8.jpg
545,Rocket_Scientist/icon_119045_2942b3fd52.jpg
546,Rocket_Scientist/icon_106045_e07323fa74.jpg
547,Rocket_Scientist/icon_107045_e73d36ea2b.jpg
548,Rocket_Scientist/icon_120045_6f96fccad0.jpg
549,Rocket_Scientist/icon_109045_43b9f8b473.jpg
550,Rocket_Scientist/icon_101045_a672475854.jpg
551,Rocket_Scientist/icon_108045_a226ede25c.jpg
552,Rocket_Scientist/icon_103045_2570f19999.jpg
553,Rocket_Scientist/icon_112045_d800edf8b7.jpg
554,Rocket_Scientist/icon_104045_cdf58af610.jpg
555,Rocket_Scientist/icon_114045_c428967400.jpg
556,Rocket_Scientist/icon_111045_b9a3f89a46.jpg
557,Blackmarker_Baroness/screenshot_1704358776.jpg
558,Blackmarker_Baroness/screenshot_1704358869.jpg
559,Blackmarker_Baroness/screenshot_1704358670.jpg
560,Blackmarker_Baroness/screenshot_1704358904.jpg
561,Blackmarker_Baroness/screenshot_1704358662.jpg
562,Blackmarker_Baroness/screenshot_1704358678.jpg
563,Blackmarker_Baroness/screenshot_1704358942.jpg
564,Blackmarker_Baroness/screenshot_1704358915.jpg
565,Blackmarker_Baroness/screenshot_1704358949.jpg
566,Blackmarker_Baroness/screenshot_1704358885.jpg
567,Blackmarker_Baroness/screenshot_1704358924.jpg
568,Blackmarker_Baroness/screenshot_1704358737.jpg
569,Blackmarker_Baroness/screenshot_1704358768.jpg
570,Blackmarker_Baroness/screenshot_1704358933.jpg
571,Blackmarker_Baroness/screenshot_1704358755.jpg
572,Blackmarker_Baroness/screenshot_1704358650.jpg
573,Blackmarker_Baroness/screenshot_1704359373.jpg
574,Blackmarker_Baroness/screenshot_1704358727.jpg
575,Blackmarker_Baroness/screenshot_1704358687.jpg
576,Blackmarker_Baroness/screenshot_1704358878.jpg
577,Media_Tycoon/icon_115040_a75f672bba.jpg
578,Media_Tycoon/icon_109040_898463c2d1.jpg
579,Media_Tycoon/icon_113040_f84aa03b88.jpg
580,Media_Tycoon/icon_110040_f0fe2a27a6.jpg
581,Media_Tycoon/icon_108040_69fcf6b2fb.jpg
582,Media_Tycoon/icon_104040_b1849aa191.jpg
583,Media_Tycoon/icon_106040_9c2694aa1a.jpg
584,Media_Tycoon/icon_107040_bcb8b95fd9.jpg
585,Media_Tycoon/icon_119040_63171c3890.jpg
586,Media_Tycoon/icon_112040_72d48e0dea.jpg
587,Media_Tycoon/icon_101040_5961a35c76.jpg
588,Media_Tycoon/icon_103040_d47a30b98a.jpg
589,Media_Tycoon/icon_117040_b73f933256.jpg
590,Media_Tycoon/icon_114040_85eae96aba.jpg
591,Media_Tycoon/icon_116040_28cf9d5b33.jpg
592,Media_Tycoon/icon_105040_4d4a902d9c.jpg
593,Media_Tycoon/icon_111040_07e27d0587.jpg
594,Media_Tycoon/icon_118040_e7b291b51e.jpg
595,Media_Tycoon/icon_120040_b09bd01b1b.jpg
596,Media_Tycoon/icon_102040_840adff455.jpg
597,Red_Mercury/screenshot_1704358492.jpg
598,Red_Mercury/screenshot_1704358420.jpg
599,Red_Mercury/screenshot_1704358500.jpg
600,Red_Mercury/screenshot_1704358529.jpg
601,Red_Mercury/screenshot_1704358446.jpg
602,Red_Mercury/screenshot_1704358521.jpg
603,Red_Mercury/screenshot_1704358484.jpg
604,Red_Mercury/screenshot_1704358455.jpg
605,Red_Mercury/screenshot_1704358512.jpg
606,Red_Mercury/screenshot_1704358574.jpg
607,Red_Mercury/screenshot_1704358407.jpg
608,Red_Mercury/screenshot_1704358588.jpg
609,Red_Mercury/screenshot_1704358538.jpg
610,Red_Mercury/screenshot_1704358473.jpg
611,Red_Mercury/screenshot_1704358556.jpg
612,Red_Mercury/screenshot_1704358463.jpg
613,Red_Mercury/screenshot_1704358439.jpg
614,Red_Mercury/screenshot_1704358429.jpg
615,Red_Mercury/screenshot_1704358547.jpg
616,Red_Mercury/screenshot_1704358567.jpg
617,Tactical_Police/icon_109015_dde5bcfe5b.jpg
618,Tactical_Police/icon_106015_c1a6719315.jpg
619,Tactical_Police/icon_113015_32adc80792.jpg
620,Tactical_Police/icon_116015_7b0ba7c536.jpg
621,Tactical_Police/icon_107015_7149836c8c.jpg
622,Tactical_Police/icon_112015_981ac598a2.jpg
623,Tactical_Police/icon_115015_f3630b8d1d.jpg
624,Tactical_Police/icon_104015_d86e7697a3.jpg
625,Tactical_Police/icon_101015_7dc88d3550.jpg
626,Tactical_Police/icon_117015_4e34156c20.jpg
627,Tactical_Police/icon_114015_48ee9f757e.jpg
628,Tactical_Police/icon_108015_e37a486b55.jpg
629,Tactical_Police/icon_119015_89b409643c.jpg
630,Tactical_Police/icon_110015_9535a86328.jpg
631,Tactical_Police/icon_103015_8136c6530f.jpg
632,Tactical_Police/icon_105015_a4ce7d8e0d.jpg
633,Tactical_Police/icon_102015_36f4f4df1d.jpg
634,Tactical_Police/icon_111015_13e1286650.jpg
635,Tactical_Police/icon_118015_d1c18c2d33.jpg
636,Tactical_Police/icon_120015_dd06906d8e.jpg
637,Swift_Blade/screenshot_1704358184.jpg
638,Swift_Blade/screenshot_1704358285.jpg
639,Swift_Blade/screenshot_1704358153.jpg
640,Swift_Blade/screenshot_1704358221.jpg
641,Swift_Blade/screenshot_1704358244.jpg
642,Swift_Blade/screenshot_1704358168.jpg
643,Swift_Blade/screenshot_1704358232.jpg
644,Swift_Blade/screenshot_1704358302.jpg
645,Swift_Blade/screenshot_1704358121.jpg
646,Swift_Blade/screenshot_1704358260.jpg
647,Swift_Blade/screenshot_1704358132.jpg
648,Swift_Blade/screenshot_1704358141.jpg
649,Swift_Blade/screenshot_1704358293.jpg
650,Swift_Blade/screenshot_1704358253.jpg
651,Swift_Blade/screenshot_1704358277.jpg
652,Swift_Blade/screenshot_1704358202.jpg
653,Swift_Blade/screenshot_1704358210.jpg
654,Swift_Blade/screenshot_1704358269.jpg
655,Swift_Blade/screenshot_1704358192.jpg
656,Swift_Blade/screenshot_1704358177.jpg
657,Lil_Bulldozer/screenshot_1704354266.jpg
658,Lil_Bulldozer/screenshot_1704354395.jpg
659,Lil_Bulldozer/screenshot_1704354301.jpg
660,Lil_Bulldozer/screenshot_1704354407.jpg
661,Lil_Bulldozer/screenshot_1704354425.jpg
662,Lil_Bulldozer/screenshot_1704354227.jpg
663,Lil_Bulldozer/screenshot_1704354278.jpg
664,Lil_Bulldozer/screenshot_1704354435.jpg
665,Lil_Bulldozer/screenshot_1704354359.jpg
666,Lil_Bulldozer/screenshot_1704354205.jpg
667,Lil_Bulldozer/screenshot_1704354331.jpg
668,Lil_Bulldozer/screenshot_1704354322.jpg
669,Lil_Bulldozer/screenshot_1704354254.jpg
670,Lil_Bulldozer/screenshot_1704354241.jpg
671,Lil_Bulldozer/screenshot_1704354343.jpg
672,Lil_Bulldozer/screenshot_1704354176.jpg
673,Lil_Bulldozer/screenshot_1704354386.jpg
674,Lil_Bulldozer/screenshot_1704354290.jpg
675,Lil_Bulldozer/screenshot_1704354311.jpg
676,Lil_Bulldozer/screenshot_1704354373.jpg
677,Historical_Linguist/icon_114043_529f5bccab.jpg
678,Historical_Linguist/icon_101043_fb75d59702.jpg
679,Historical_Linguist/icon_112043_787ff4482c.jpg
680,Historical_Linguist/icon_118043_e555e13254.jpg
681,Historical_Linguist/icon_113043_bfde6cbaf5.jpg
682,Historical_Linguist/icon_115043_cb07dc612b.jpg
683,Historical_Linguist/icon_102043_8ca7e5930b.jpg
684,Historical_Linguist/icon_117043_e6a7d51f31.jpg
685,Historical_Linguist/icon_106043_fafe92941e.jpg
686,Historical_Linguist/icon_105043_3afad4982c.jpg
687,Historical_Linguist/icon_109043_d8da6735f6.jpg
688,Historical_Linguist/icon_103043_047651afb0.jpg
689,Historical_Linguist/icon_116043_60099d5bf0.jpg
690,Historical_Linguist/icon_108043_bd8b9c49fb.jpg
691,Historical_Linguist/icon_107043_88ab3b4f90.jpg
692,Historical_Linguist/icon_111043_2e5db02756.jpg
693,Historical_Linguist/icon_104043_a6f4bce13e.jpg
694,Historical_Linguist/icon_110043_169385cff6.jpg
695,Historical_Linguist/icon_120043_329cf5ed9a.jpg
696,Historical_Linguist/icon_119043_aef87394e5.jpg
697,The_Yokozuna/icon_111013_eca5f231c1.jpg
698,The_Yokozuna/icon_105013_15dcb35752.jpg
699,The_Yokozuna/icon_103013_e99ab928c4.jpg
700,The_Yokozuna/icon_114013_7fd6da19c2.jpg
701,The_Yokozuna/icon_107013_7769145c83.jpg
702,The_Yokozuna/icon_115013_5364d4a7da.jpg
703,The_Yokozuna/icon_109013_5919bd3845.jpg
704,The_Yokozuna/icon_113013_d12124e2a7.jpg
705,The_Yokozuna/icon_104013_f0b06ad351.jpg
706,The_Yokozuna/icon_112013_4ae0c60036.jpg
707,The_Yokozuna/icon_101013_fb7032f588.jpg
708,The_Yokozuna/icon_106013_24c1e9e9f1.jpg
709,The_Yokozuna/icon_110013_20d2dee461.jpg
710,The_Yokozuna/screenshot_1704364300.jpg
711,The_Yokozuna/icon_102013_9b7f74c8a4.jpg
712,The_Yokozuna/icon_120013_021dec954c.jpg
713,The_Yokozuna/icon_108013_46d380e79f.jpg
714,The_Yokozuna/icon_116013_f85c150f15.jpg
715,The_Yokozuna/icon_118013_89516e95dc.jpg
716,The_Yokozuna/icon_117013_11a19cc7cd.jpg
717,Artificial_Empathy/icon_109033_3cd0e54c21.jpg
718,Artificial_Empathy/icon_103033_9080bf86d1.jpg
719,Artificial_Empathy/icon_107033_82f83a937e.jpg
720,Artificial_Empathy/icon_112033_2c2f5ffcb1.jpg
721,Artificial_Empathy/icon_105033_7cc48ccedb.jpg
722,Artificial_Empathy/icon_118033_9317ad1b3e.jpg
723,Artificial_Empathy/icon_116033_42c2c13504.jpg
724,Artificial_Empathy/icon_104033_f527503ff7.jpg
725,Artificial_Empathy/icon_106033_a6189bfd75.jpg
726,Artificial_Empathy/icon_102033_0a006b1bd7.jpg
727,Artificial_Empathy/icon_119033_834c16f751.jpg
728,Artificial_Empathy/icon_110033_49477aabca.jpg
729,Artificial_Empathy/icon_101033_b108838b34.jpg
730,Artificial_Empathy/icon_115033_ba383355c6.jpg
731,Artificial_Empathy/icon_108033_f504c2a05c.jpg
732,Artificial_Empathy/icon_120033_9eddce93c7.jpg
733,Artificial_Empathy/icon_117033_6932415c6b.jpg
734,Artificial_Empathy/icon_113033_ee637e7a12.jpg
735,Artificial_Empathy/icon_114033_545e4f4481.jpg
736,Artificial_Empathy/icon_111033_19317d7573.jpg
737,Ape_Commander/icon_117002_69c5140df4.jpg
738,Ape_Commander/icon_112002_1d075437d1.jpg
739,Ape_Commander/icon_110002_154d451ad1.jpg
740,Ape_Commander/icon_120002_ad98939a29.jpg
741,Ape_Commander/icon_108002_50b28f9eed.jpg
742,Ape_Commander/icon_109002_faaac99c27.jpg
743,Ape_Commander/icon_118002_050cd35261.jpg
744,Ape_Commander/icon_111002_baa96b3832.jpg
745,Ape_Commander/icon_115002_beddca832e.jpg
746,Ape_Commander/icon_116002_739f42be6d.jpg
747,Ape_Commander/icon_104002_ae373f240e.jpg
748,Ape_Commander/icon_102002_ea0fcf6602.jpg
749,Ape_Commander/icon_119002_22ab20a6d2.jpg
750,Ape_Commander/icon_106002_985c242423.jpg
751,Ape_Commander/icon_101002_2828638a2e.jpg
752,Ape_Commander/icon_105002_89c56ef3a9.jpg
753,Ape_Commander/icon_113002_a83490e312.jpg
754,Ape_Commander/icon_114002_5549a0e796.jpg
755,Ape_Commander/icon_107002_693950b0ca.jpg
756,Ape_Commander/icon_103002_8f086b4845.jpg
757,Leader_of_the_Pack/icon_108042_c7eaea0dde.jpg
758,Leader_of_the_Pack/icon_102042_83cd7cee0f.jpg
759,Leader_of_the_Pack/icon_111042_1be59d2533.jpg
760,Leader_of_the_Pack/icon_112042_6e66c2fc2d.jpg
761,Leader_of_the_Pack/icon_118042_6b8ffeb142.jpg
762,Leader_of_the_Pack/icon_116042_2f4773eae5.jpg
763,Leader_of_the_Pack/icon_110042_44bb487055.jpg
764,Leader_of_the_Pack/icon_103042_396f311b07.jpg
765,Leader_of_the_Pack/icon_115042_f8ca28f191.jpg
766,Leader_of_the_Pack/icon_114042_8c1e940b8c.jpg
767,Leader_of_the_Pack/icon_117042_3829da7ef2.jpg
768,Leader_of_the_Pack/icon_104042_1362ec7d17.jpg
769,Leader_of_the_Pack/icon_119042_61438d1443.jpg
770,Leader_of_the_Pack/icon_106042_1d240f6bf0.jpg
771,Leader_of_the_Pack/icon_105042_7ec1d18270.jpg
772,Leader_of_the_Pack/icon_101042_90c35d8de9.jpg
773,Leader_of_the_Pack/icon_120042_79fa097c05.jpg
774,Leader_of_the_Pack/icon_107042_895eeedeb9.jpg
775,Leader_of_the_Pack/icon_113042_581f9022be.jpg
776,Leader_of_the_Pack/icon_109042_44ae1400c5.jpg
777,Street_Musician/icon_109039_96165df421.jpg
778,Street_Musician/icon_104039_ab838892c0.jpg
779,Street_Musician/icon_120039_6a52c31392.jpg
780,Street_Musician/icon_119039_1d2243bb79.jpg
781,Street_Musician/icon_117039_f07d772bb6.jpg
782,Street_Musician/icon_110039_7468a8accd.jpg
783,Street_Musician/icon_101039_7f47b37791.jpg
784,Street_Musician/icon_115039_fc851bad03.jpg
785,Street_Musician/icon_105039_836c4e16f9.jpg
786,Street_Musician/icon_113039_529109c0c5.jpg
787,Street_Musician/icon_111039_39be72e877.jpg
788,Street_Musician/icon_107039_52e885e1e8.jpg
789,Street_Musician/icon_106039_acba8c73f9.jpg
790,Street_Musician/icon_112039_70fc0afc34.jpg
791,Street_Musician/icon_116039_ec83da1e78.jpg
792,Street_Musician/icon_103039_307e61114d.jpg
793,Street_Musician/icon_118039_7f93d87a45.jpg
794,Street_Musician/icon_114039_ee09a8e430.jpg
795,Street_Musician/icon_102039_8ea057332d.jpg
796,Street_Musician/icon_108039_763c86e17c.jpg
797,Telekinetic_Woman/icon_110046_743f552d3e.jpg
798,Telekinetic_Woman/icon_105046_9a0efbd151.jpg
799,Telekinetic_Woman/icon_113046_7e5c43d8d0.jpg
800,Telekinetic_Woman/icon_120046_8f339fcfc6.jpg
801,Telekinetic_Woman/icon_101046_4151c82f5d.jpg
802,Telekinetic_Woman/icon_114046_aed95e37e9.jpg
803,Telekinetic_Woman/icon_106046_8a6a5bc344.jpg
804,Telekinetic_Woman/icon_103046_1ae0881fcf.jpg
805,Telekinetic_Woman/icon_119046_1ca1c785ed.jpg
806,Telekinetic_Woman/icon_111046_0a4789cfb3.jpg
807,Telekinetic_Woman/icon_112046_d9435778f6.jpg
808,Telekinetic_Woman/icon_108046_0879731cbd.jpg
809,Telekinetic_Woman/icon_115046_1b25377cab.jpg
810,Telekinetic_Woman/icon_104046_d009d93ccd.jpg
811,Telekinetic_Woman/icon_109046_52a82d1699.jpg
812,Telekinetic_Woman/icon_117046_7083cd9824.jpg
813,Telekinetic_Woman/icon_107046_9c89271dcd.jpg
814,Telekinetic_Woman/icon_118046_4669de0881.jpg
815,Telekinetic_Woman/icon_116046_c5d3fbf2e8.jpg
816,Telekinetic_Woman/icon_102046_e3322ca388.jpg
817,Junior_Shifu/icon_109017_5977f3827c.jpg
818,Junior_Shifu/icon_114017_c90079615e.jpg
819,Junior_Shifu/icon_118017_6acd7b8b9e.jpg
820,Junior_Shifu/icon_116017_a6835cf4e4.jpg
821,Junior_Shifu/icon_110017_282f611ccc.jpg
822,Junior_Shifu/icon_106017_1ebe028e94.jpg
823,Junior_Shifu/icon_112017_466b0bcbdf.jpg
824,Junior_Shifu/icon_108017_433b330f18.jpg
825,Junior_Shifu/icon_101017_3fe228aaa4.jpg
826,Junior_Shifu/icon_117017_35bfc3ee57.jpg
827,Junior_Shifu/icon_104017_11a3dd9b7e.jpg
828,Junior_Shifu/icon_120017_4fa4b5835a.jpg
829,Junior_Shifu/icon_115017_21265ac3dd.jpg
830,Junior_Shifu/icon_103017_6ec6cd94dd.jpg
831,Junior_Shifu/icon_105017_069801ae81.jpg
832,Junior_Shifu/icon_113017_4519a99abc.jpg
833,Junior_Shifu/icon_119017_7e0a621451.jpg
834,Junior_Shifu/icon_107017_f19e8486f2.jpg
835,Junior_Shifu/icon_102017_8f288f2882.jpg
836,Junior_Shifu/icon_111017_21eba9887e.jpg
837,Arctic_Sheriff/icon_105035_905ddcd033.jpg
838,Arctic_Sheriff/icon_112035_014579250d.jpg
839,Arctic_Sheriff/icon_120035_858ac773c1.jpg
840,Arctic_Sheriff/icon_109035_8d1f921338.jpg
841,Arctic_Sheriff/icon_110035_af722a688a.jpg
842,Arctic_Sheriff/icon_118035_72ed28b81e.jpg
843,Arctic_Sheriff/icon_119035_8558d1abd4.jpg
844,Arctic_Sheriff/icon_104035_4888716cc1.jpg
845,Arctic_Sheriff/icon_102035_33e3c27f4d.jpg
846,Arctic_Sheriff/icon_107035_e0319b7c29.jpg
847,Arctic_Sheriff/icon_115035_abcaebc5e3.jpg
848,Arctic_Sheriff/icon_108035_7b50ee79ac.jpg
849,Arctic_Sheriff/icon_111035_3de73eb2b3.jpg
850,Arctic_Sheriff/icon_101035_012b8d31c4.jpg
851,Arctic_Sheriff/icon_114035_0795489282.jpg
852,Arctic_Sheriff/icon_106035_6c008b21d5.jpg
853,Arctic_Sheriff/icon_117035_33cb409489.jpg
854,Arctic_Sheriff/icon_116035_3f1ff23f67.jpg
855,Arctic_Sheriff/icon_103035_e63668fee7.jpg
856,Arctic_Sheriff/icon_113035_4d30211022.jpg
857,Ruthless_Warden/icon_104007_d33fe9c6c0.jpg
858,Ruthless_Warden/icon_114007_3c8bfc0ab9.jpg
859,Ruthless_Warden/icon_118007_a8d2bddb58.jpg
860,Ruthless_Warden/icon_110007_38737c9d8a.jpg
861,Ruthless_Warden/icon_120007_dc15c3140a.jpg
862,Ruthless_Warden/icon_117007_8e911c6e00.jpg
863,Ruthless_Warden/icon_106007_e6dbec89f1.jpg
864,Ruthless_Warden/icon_111007_a198a78006.jpg
865,Ruthless_Warden/icon_109007_e40b77fb71.jpg
866,Ruthless_Warden/icon_108007_b3781a0875.jpg
867,Ruthless_Warden/icon_103007_3ebe6fa06c.jpg
868,Ruthless_Warden/icon_115007_e4f4627b9d.jpg
869,Ruthless_Warden/icon_113007_1dd1358c64.jpg
870,Ruthless_Warden/icon_105007_5bf063e8f5.jpg
871,Ruthless_Warden/icon_119007_d3462cf32f.jpg
872,Ruthless_Warden/icon_116007_049c91d9ae.jpg
873,Ruthless_Warden/icon_112007_c00efc07ae.jpg
874,Ruthless_Warden/icon_102007_4ca4bd5059.jpg
875,Ruthless_Warden/icon_101007_e7d0af52ce.jpg
876,Ruthless_Warden/icon_107007_0b4931f9d1.jpg
877,Biorobotic_Soldier/icon_108003_e5e45fb927.jpg
878,Biorobotic_Soldier/icon_103003_d15acf268b.jpg
879,Biorobotic_Soldier/icon_104003_1677849e96.jpg
880,Biorobotic_Soldier/icon_115003_53521c7c8c.jpg
881,Biorobotic_Soldier/icon_102003_442d2bd5ac.jpg
882,Biorobotic_Soldier/icon_107003_f198b1af45.jpg
883,Biorobotic_Soldier/icon_114003_e249300493.jpg
884,Biorobotic_Soldier/icon_106003_d642ceab55.jpg
885,Biorobotic_Soldier/icon_111003_fe9b083327.jpg
886,Biorobotic_Soldier/icon_116003_48dda9f351.jpg
887,Biorobotic_Soldier/icon_113003_d72bb56457.jpg
888,Biorobotic_Soldier/icon_117003_9f98dc3c9d.jpg
889,Biorobotic_Soldier/icon_101003_ea8fdfa273.jpg
890,Biorobotic_Soldier/icon_118003_f1878d1304.jpg
891,Biorobotic_Soldier/icon_110003_b6c87c41db.jpg
892,Biorobotic_Soldier/icon_105003_b1f80e462f.jpg
893,Biorobotic_Soldier/icon_120003_ef8fcedc70.jpg
894,Biorobotic_Soldier/icon_112003_c40c52beaf.jpg
895,Biorobotic_Soldier/icon_109003_15898c988e.jpg
896,Biorobotic_Soldier/icon_119003_4967de0d89.jpg
897,Space_Captain/icon_117005_655b041951.jpg
898,Space_Captain/icon_107005_4e7aff62ff.jpg
899,Space_Captain/icon_116005_c954ff0876.jpg
900,Space_Captain/icon_102005_4bca75605d.jpg
901,Space_Captain/icon_105005_3b33ad8d47.jpg
902,Space_Captain/icon_114005_0aca4dcac1.jpg
903,Space_Captain/icon_120005_d2fa220c56.jpg
904,Space_Captain/icon_115005_b4d300e15e.jpg
905,Space_Captain/icon_111005_e60e739739.jpg
906,Space_Captain/icon_103005_61e508a47e.jpg
907,Space_Captain/icon_118005_da8f02a459.jpg
908,Space_Captain/icon_113005_f5bd6b4d07.jpg
909,Space_Captain/icon_106005_611bc1319f.jpg
910,Space_Captain/icon_104005_0fcf0f8102.jpg
911,Space_Captain/icon_110005_bf34ca5ac0.jpg
912,Space_Captain/icon_119005_4d7c641546.jpg
913,Space_Captain/icon_101005_58ec75af02.jpg
914,Space_Captain/icon_112005_9d072a13ff.jpg
915,Space_Captain/icon_109005_11dfeed42d.jpg
916,Space_Captain/icon_108005_1e74c61d41.jpg
917,Amazon_Warrior/icon_119021_96e469af79.jpg
918,Amazon_Warrior/icon_108021_dfcdda1dda.jpg
919,Amazon_Warrior/icon_115021_6da3816c98.jpg
920,Amazon_Warrior/icon_120021_1a499dda7c.jpg
921,Amazon_Warrior/icon_102021_2fd27c11aa.jpg
922,Amazon_Warrior/icon_116021_fe5ad6733a.jpg
923,Amazon_Warrior/icon_111021_cd60d501a3.jpg
924,Amazon_Warrior/icon_109021_5f9c5fb463.jpg
925,Amazon_Warrior/icon_101021_81aeb49b14.jpg
926,Amazon_Warrior/icon_103021_15b4552a65.jpg
927,Amazon_Warrior/screenshot_1704363162.jpg
928,Amazon_Warrior/icon_107021_c2e98f394c.jpg
929,Amazon_Warrior/icon_113021_790cbf88c4.jpg
930,Amazon_Warrior/icon_106021_4e536d7b12.jpg
931,Amazon_Warrior/icon_110021_7f59be0f21.jpg
932,Amazon_Warrior/icon_117021_674d6a5ff8.jpg
933,Amazon_Warrior/icon_118021_c284bc2e44.jpg
934,Amazon_Warrior/icon_114021_f149e6a0ac.jpg
935,Amazon_Warrior/icon_112021_ac217b731e.jpg
936,Amazon_Warrior/icon_105021_cd68453e4d.jpg
937,Charming_Attorney/icon_110047_c4fc20bf64.jpg
938,Charming_Attorney/icon_111047_5c31b28332.jpg
939,Charming_Attorney/icon_101047_32ebe8a916.jpg
940,Charming_Attorney/icon_107047_b335ce0e9f.jpg
941,Charming_Attorney/icon_116047_4fcfaed453.jpg
942,Charming_Attorney/icon_115047_15f5539747.jpg
943,Charming_Attorney/icon_106047_ca96b9dc0f.jpg
944,Charming_Attorney/icon_103047_c14845cae9.jpg
945,Charming_Attorney/icon_117047_cbdffa8122.jpg
946,Charming_Attorney/icon_104047_a61cb5c17b.jpg
947,Charming_Attorney/icon_114047_ef36dfe763.jpg
948,Charming_Attorney/icon_112047_80b96fcedf.jpg
949,Charming_Attorney/icon_108047_b035cfbdd8.jpg
950,Charming_Attorney/icon_102047_7d8c12ad0e.jpg
951,Charming_Attorney/icon_109047_547c716a84.jpg
952,Charming_Attorney/icon_119047_ef7cf4ed63.jpg
953,Charming_Attorney/icon_120047_dfa52580e1.jpg
954,Charming_Attorney/icon_105047_d2e6b069ee.jpg
955,Charming_Attorney/icon_118047_3c6806d2f3.jpg
956,Charming_Attorney/icon_113047_490c45dde8.jpg
